<?xml version="1.0" encoding="UTF-8"?>
<GenRun Id="synth_1" LaunchPart="xc7z020clg484-1" LaunchTime="1604861939">
  <File Type="PA-TCL" Name="pwm_glitchless.tcl"/>
  <File Type="REPORTS-TCL" Name="pwm_glitchless_reports.tcl"/>
  <File Type="RDS-RDS" Name="pwm_glitchless.vds"/>
  <File Type="RDS-UTIL" Name="pwm_glitchless_utilization_synth.rpt"/>
  <File Type="RDS-UTIL-PB" Name="pwm_glitchless_utilization_synth.pb"/>
  <File Type="RDS-DCP" Name="pwm_glitchless.dcp"/>
  <FileSet Name="sources" Type="DesignSrcs" RelSrcDir="$PSRCDIR/sources_1">
    <Filter Type="Srcs"/>
    <File Path="$PSRCDIR/sources_1/imports/3_PWM/pwm_glitchless.v">
      <FileInfo>
        <Attr Name="ImportPath" Val="D:/RepoDoESL/PygMyHDL-ESL/3_PWM/pwm_glitchless.v"/>
        <Attr Name="ImportTime" Val="1604844186"/>
        <Attr Name="UsedIn" Val="synthesis"/>
        <Attr Name="UsedIn" Val="implementation"/>
        <Attr Name="UsedIn" Val="simulation"/>
      </FileInfo>
    </File>
    <File Path="$PSRCDIR/sources_1/imports/3_PWM/pwm_less_simple.v">
      <FileInfo>
        <Attr Name="AutoDisabled" Val="1"/>
        <Attr Name="ImportPath" Val="D:/RepoDoESL/PygMyHDL-ESL/3_PWM/pwm_less_simple.v"/>
        <Attr Name="ImportTime" Val="1604844186"/>
        <Attr Name="UsedIn" Val="synthesis"/>
        <Attr Name="UsedIn" Val="implementation"/>
        <Attr Name="UsedIn" Val="simulation"/>
      </FileInfo>
    </File>
    <File Path="$PSRCDIR/sources_1/imports/3_PWM/pwm_simple.v">
      <FileInfo>
        <Attr Name="AutoDisabled" Val="1"/>
        <Attr Name="ImportPath" Val="D:/RepoDoESL/PygMyHDL-ESL/3_PWM/pwm_simple.v"/>
        <Attr Name="ImportTime" Val="1604844186"/>
        <Attr Name="UsedIn" Val="synthesis"/>
        <Attr Name="UsedIn" Val="implementation"/>
        <Attr Name="UsedIn" Val="simulation"/>
      </FileInfo>
    </File>
    <File Path="$PSRCDIR/sources_1/imports/3_PWM/wax_wane.v">
      <FileInfo>
        <Attr Name="AutoDisabled" Val="1"/>
        <Attr Name="ImportPath" Val="D:/RepoDoESL/PygMyHDL-ESL/3_PWM/wax_wane.v"/>
        <Attr Name="ImportTime" Val="1604844186"/>
        <Attr Name="UsedIn" Val="synthesis"/>
        <Attr Name="UsedIn" Val="implementation"/>
        <Attr Name="UsedIn" Val="simulation"/>
      </FileInfo>
    </File>
    <Config>
      <Option Name="DesignMode" Val="RTL"/>
      <Option Name="TopModule" Val="pwm_glitchless"/>
      <Option Name="TopAutoSet" Val="TRUE"/>
    </Config>
  </FileSet>
  <FileSet Name="constrs_in" Type="Constrs" RelSrcDir="$PSRCDIR/constrs_1">
    <Filter Type="Constrs"/>
    <File Path="$PSRCDIR/constrs_1/new/pino_3.xdc">
      <FileInfo>
        <Attr Name="ImportPath" Val="D:/ESL_prj_vivado/PWM_3/PWM/PWM.srcs/constrs_1/new/pino_3.xdc"/>
        <Attr Name="ImportTime" Val="1604861939"/>
        <Attr Name="UsedIn" Val="synthesis"/>
        <Attr Name="UsedIn" Val="implementation"/>
      </FileInfo>
    </File>
    <Config>
      <Option Name="TargetConstrsFile" Val="$PSRCDIR/constrs_1/new/pino_3.xdc"/>
      <Option Name="ConstrsType" Val="XDC"/>
    </Config>
  </FileSet>
  <FileSet Name="utils" Type="Utils" RelSrcDir="$PSRCDIR/utils_1">
    <Filter Type="Utils"/>
    <Config>
      <Option Name="TopAutoSet" Val="TRUE"/>
    </Config>
  </FileSet>
  <Strategy Version="1" Minor="2">
    <StratHandle Name="Vivado Synthesis Defaults" Flow="Vivado Synthesis 2020"/>
    <Step Id="synth_design"/>
  </Strategy>
</GenRun>
