<?xml version="1.0" encoding="UTF-8"?>
<GenRun Id="synth_1" LaunchPart="xc7z020clg484-1" LaunchTime="1604866036">
  <File Type="PA-TCL" Name="ram.tcl"/>
  <File Type="REPORTS-TCL" Name="ram_reports.tcl"/>
  <File Type="RDS-RDS" Name="ram.vds"/>
  <File Type="RDS-UTIL" Name="ram_utilization_synth.rpt"/>
  <File Type="RDS-UTIL-PB" Name="ram_utilization_synth.pb"/>
  <File Type="RDS-DCP" Name="ram.dcp"/>
  <FileSet Name="sources" Type="DesignSrcs" RelSrcDir="$PSRCDIR/sources_1">
    <Filter Type="Srcs"/>
    <File Path="$PSRCDIR/sources_1/imports/4_BRAM/ram.v">
      <FileInfo>
        <Attr Name="ImportPath" Val="D:/RepoDoESL/PygMyHDL-ESL/4_BRAM/ram.v"/>
        <Attr Name="ImportTime" Val="1604849832"/>
        <Attr Name="UsedIn" Val="synthesis"/>
        <Attr Name="UsedIn" Val="implementation"/>
        <Attr Name="UsedIn" Val="simulation"/>
      </FileInfo>
    </File>
    <File Path="$PSRCDIR/sources_1/imports/4_BRAM/record_play.v">
      <FileInfo>
        <Attr Name="AutoDisabled" Val="1"/>
        <Attr Name="ImportPath" Val="D:/RepoDoESL/PygMyHDL-ESL/4_BRAM/record_play.v"/>
        <Attr Name="ImportTime" Val="1604849833"/>
        <Attr Name="UsedIn" Val="synthesis"/>
        <Attr Name="UsedIn" Val="implementation"/>
        <Attr Name="UsedIn" Val="simulation"/>
      </FileInfo>
    </File>
    <File Path="$PSRCDIR/sources_1/imports/4_BRAM/simpler_ram.v">
      <FileInfo>
        <Attr Name="AutoDisabled" Val="1"/>
        <Attr Name="ImportPath" Val="D:/RepoDoESL/PygMyHDL-ESL/4_BRAM/simpler_ram.v"/>
        <Attr Name="ImportTime" Val="1604849832"/>
        <Attr Name="UsedIn" Val="synthesis"/>
        <Attr Name="UsedIn" Val="implementation"/>
        <Attr Name="UsedIn" Val="simulation"/>
      </FileInfo>
    </File>
    <Config>
      <Option Name="DesignMode" Val="RTL"/>
      <Option Name="TopModule" Val="ram"/>
      <Option Name="TopAutoSet" Val="TRUE"/>
    </Config>
  </FileSet>
  <FileSet Name="constrs_in" Type="Constrs" RelSrcDir="$PSRCDIR/constrs_1">
    <Filter Type="Constrs"/>
    <File Path="$PSRCDIR/constrs_1/new/pino_4.xdc">
      <FileInfo>
        <Attr Name="ImportPath" Val="D:/ESL_prj_vivado/BRAM_4/BRAM/BRAM.srcs/constrs_1/new/pino_4.xdc"/>
        <Attr Name="ImportTime" Val="1604866035"/>
        <Attr Name="UsedIn" Val="synthesis"/>
        <Attr Name="UsedIn" Val="implementation"/>
      </FileInfo>
    </File>
    <Config>
      <Option Name="TargetConstrsFile" Val="$PSRCDIR/constrs_1/new/pino_4.xdc"/>
      <Option Name="ConstrsType" Val="XDC"/>
    </Config>
  </FileSet>
  <FileSet Name="utils" Type="Utils" RelSrcDir="$PSRCDIR/utils_1">
    <Filter Type="Utils"/>
    <Config>
      <Option Name="TopAutoSet" Val="TRUE"/>
    </Config>
  </FileSet>
  <Strategy Version="1" Minor="2">
    <StratHandle Name="Vivado Synthesis Defaults" Flow="Vivado Synthesis 2020"/>
    <Step Id="synth_design"/>
  </Strategy>
</GenRun>
